{
  "tags": null,
  "ignoreAlpha": false,
  "maxSimultaneousLights": 4,
  "forceAlphaBlending": false,
  "mode": 0,
  "id": "node material",
  "uniqueId": 114628,
  "name": "node material",
  "checkReadyOnEveryCall": false,
  "checkReadyOnlyOnce": false,
  "state": "",
  "alpha": 1,
  "backFaceCulling": true,
  "cullBackFaces": true,
  "sideOrientation": 1,
  "alphaMode": 2,
  "_needDepthPrePass": false,
  "disableDepthWrite": false,
  "disableColorWrite": false,
  "forceDepthWrite": false,
  "depthFunction": 0,
  "separateCullingPass": false,
  "fogEnabled": true,
  "pointSize": 1,
  "zOffset": 0,
  "zOffsetUnits": 0,
  "pointsCloud": false,
  "fillMode": 0,
  "editorData": {
    "locations": [
      {
        "blockId": 114654,
        "x": 840,
        "y": 120
      },
      {
        "blockId": 114655,
        "x": 600,
        "y": 100
      },
      {
        "blockId": 114656,
        "x": 320,
        "y": 40
      },
      {
        "blockId": 114657,
        "x": -60,
        "y": -20
      },
      {
        "blockId": 114658,
        "x": 0,
        "y": 120
      },
      {
        "blockId": 114659,
        "x": 300,
        "y": 180
      },
      {
        "blockId": 114660,
        "x": 860,
        "y": 400
      },
      {
        "blockId": 114661,
        "x": -40,
        "y": 400
      },
      {
        "blockId": 114662,
        "x": -320,
        "y": 220
      },
      {
        "blockId": 114663,
        "x": -680,
        "y": 40
      },
      {
        "blockId": 114664,
        "x": -680,
        "y": 360
      },
      {
        "blockId": 114665,
        "x": 320,
        "y": 580
      },
      {
        "blockId": 114666,
        "x": -100,
        "y": 740
      }
    ],
    "frames": [],
    "x": 371.352222465091,
    "y": 206.85591976035613,
    "zoom": 0.45000451274692777
  },
  "customType": "BABYLON.NodeMaterial",
  "outputNodes": [
    114654,
    114660
  ],
  "blocks": [
    {
      "customType": "BABYLON.VertexOutputBlock",
      "id": 114654,
      "name": "VertexOutput",
      "comments": "",
      "visibleInInspector": false,
      "visibleOnFrame": false,
      "target": 1,
      "inputs": [
        {
          "name": "vector",
          "inputName": "vector",
          "targetBlockId": 114655,
          "targetConnectionName": "output",
          "isExposedOnFrame": true,
          "exposedPortPosition": -1
        }
      ],
      "outputs": []
    },
    {
      "customType": "BABYLON.TransformBlock",
      "id": 114655,
      "name": "WorldPos * ViewProjectionTransform",
      "comments": "",
      "visibleInInspector": false,
      "visibleOnFrame": false,
      "target": 1,
      "inputs": [
        {
          "name": "vector",
          "inputName": "vector",
          "targetBlockId": 114656,
          "targetConnectionName": "output",
          "isExposedOnFrame": true,
          "exposedPortPosition": -1
        },
        {
          "name": "transform",
          "inputName": "transform",
          "targetBlockId": 114659,
          "targetConnectionName": "output",
          "isExposedOnFrame": true,
          "exposedPortPosition": -1
        }
      ],
      "outputs": [
        {
          "name": "output"
        },
        {
          "name": "xyz"
        }
      ],
      "complementZ": 0,
      "complementW": 1
    },
    {
      "customType": "BABYLON.TransformBlock",
      "id": 114656,
      "name": "WorldPos",
      "comments": "",
      "visibleInInspector": false,
      "visibleOnFrame": false,
      "target": 1,
      "inputs": [
        {
          "name": "vector",
          "inputName": "vector",
          "targetBlockId": 114657,
          "targetConnectionName": "output",
          "isExposedOnFrame": true,
          "exposedPortPosition": -1
        },
        {
          "name": "transform",
          "inputName": "transform",
          "targetBlockId": 114658,
          "targetConnectionName": "output",
          "isExposedOnFrame": true,
          "exposedPortPosition": -1
        }
      ],
      "outputs": [
        {
          "name": "output"
        },
        {
          "name": "xyz"
        }
      ],
      "complementZ": 0,
      "complementW": 1
    },
    {
      "customType": "BABYLON.InputBlock",
      "id": 114657,
      "name": "position",
      "comments": "",
      "visibleInInspector": false,
      "visibleOnFrame": false,
      "target": 1,
      "inputs": [],
      "outputs": [
        {
          "name": "output"
        }
      ],
      "type": 8,
      "mode": 1,
      "animationType": 0,
      "min": 0,
      "max": 0,
      "isBoolean": false,
      "matrixMode": 0,
      "isConstant": false,
      "groupInInspector": "",
      "convertToGammaSpace": false,
      "convertToLinearSpace": false
    },
    {
      "customType": "BABYLON.InputBlock",
      "id": 114658,
      "name": "World",
      "comments": "",
      "visibleInInspector": false,
      "visibleOnFrame": false,
      "target": 1,
      "inputs": [],
      "outputs": [
        {
          "name": "output"
        }
      ],
      "type": 128,
      "mode": 0,
      "systemValue": 1,
      "animationType": 0,
      "min": 0,
      "max": 0,
      "isBoolean": false,
      "matrixMode": 0,
      "isConstant": false,
      "groupInInspector": "",
      "convertToGammaSpace": false,
      "convertToLinearSpace": false
    },
    {
      "customType": "BABYLON.InputBlock",
      "id": 114659,
      "name": "ViewProjection",
      "comments": "",
      "visibleInInspector": false,
      "visibleOnFrame": false,
      "target": 1,
      "inputs": [],
      "outputs": [
        {
          "name": "output"
        }
      ],
      "type": 128,
      "mode": 0,
      "systemValue": 4,
      "animationType": 0,
      "min": 0,
      "max": 0,
      "isBoolean": false,
      "matrixMode": 0,
      "isConstant": false,
      "groupInInspector": "",
      "convertToGammaSpace": false,
      "convertToLinearSpace": false
    },
    {
      "customType": "BABYLON.FragmentOutputBlock",
      "id": 114660,
      "name": "FragmentOutput",
      "comments": "",
      "visibleInInspector": false,
      "visibleOnFrame": false,
      "target": 2,
      "inputs": [
        {
          "name": "rgba"
        },
        {
          "name": "rgb",
          "inputName": "rgb",
          "targetBlockId": 114661,
          "targetConnectionName": "rgb",
          "isExposedOnFrame": true,
          "exposedPortPosition": -1
        },
        {
          "name": "a",
          "inputName": "a",
          "targetBlockId": 114665,
          "targetConnectionName": "output",
          "isExposedOnFrame": true,
          "exposedPortPosition": -1
        }
      ],
      "outputs": [],
      "convertToGammaSpace": false,
      "convertToLinearSpace": false,
      "useLogarithmicDepth": false
    },
    {
      "customType": "BABYLON.TextureBlock",
      "id": 114661,
      "name": "ReflectionTexture",
      "comments": "",
      "visibleInInspector": false,
      "visibleOnFrame": false,
      "target": 2,
      "inputs": [
        {
          "name": "uv",
          "inputName": "uv",
          "targetBlockId": 114662,
          "targetConnectionName": "output",
          "isExposedOnFrame": true,
          "exposedPortPosition": -1
        },
        {
          "name": "source",
          "isExposedOnFrame": true,
          "exposedPortPosition": -1
        }
      ],
      "outputs": [
        {
          "name": "rgba"
        },
        {
          "name": "rgb"
        },
        {
          "name": "r"
        },
        {
          "name": "g"
        },
        {
          "name": "b"
        },
        {
          "name": "a"
        },
        {
          "name": "level"
        }
      ],
      "convertToGammaSpace": false,
      "convertToLinearSpace": false,
      "fragmentOnly": false,
      "disableLevelMultiplication": false
    },
    {
      "customType": "BABYLON.DivideBlock",
      "id": 114662,
      "name": "Divide",
      "comments": "",
      "visibleInInspector": false,
      "visibleOnFrame": false,
      "target": 4,
      "inputs": [
        {
          "name": "left",
          "inputName": "left",
          "targetBlockId": 114663,
          "targetConnectionName": "xy",
          "isExposedOnFrame": true,
          "exposedPortPosition": -1
        },
        {
          "name": "right",
          "inputName": "right",
          "targetBlockId": 114664,
          "targetConnectionName": "xy",
          "isExposedOnFrame": true,
          "exposedPortPosition": -1
        }
      ],
      "outputs": [
        {
          "name": "output"
        }
      ]
    },
    {
      "customType": "BABYLON.FragCoordBlock",
      "id": 114663,
      "name": "FragCoord",
      "comments": "",
      "visibleInInspector": false,
      "visibleOnFrame": false,
      "target": 2,
      "inputs": [],
      "outputs": [
        {
          "name": "xy"
        },
        {
          "name": "xyz"
        },
        {
          "name": "xyzw"
        },
        {
          "name": "x"
        },
        {
          "name": "y"
        },
        {
          "name": "z"
        },
        {
          "name": "w"
        }
      ]
    },
    {
      "customType": "BABYLON.ScreenSizeBlock",
      "id": 114664,
      "name": "ScreenSize",
      "comments": "",
      "visibleInInspector": false,
      "visibleOnFrame": false,
      "target": 2,
      "inputs": [],
      "outputs": [
        {
          "name": "xy"
        },
        {
          "name": "x"
        },
        {
          "name": "y"
        }
      ]
    },
    {
      "customType": "BABYLON.MultiplyBlock",
      "id": 114665,
      "name": "Multiply",
      "comments": "",
      "visibleInInspector": false,
      "visibleOnFrame": false,
      "target": 4,
      "inputs": [
        {
          "name": "left",
          "inputName": "left",
          "targetBlockId": 114661,
          "targetConnectionName": "a",
          "isExposedOnFrame": true,
          "exposedPortPosition": -1
        },
        {
          "name": "right",
          "inputName": "right",
          "targetBlockId": 114666,
          "targetConnectionName": "output",
          "isExposedOnFrame": true,
          "exposedPortPosition": -1
        }
      ],
      "outputs": [
        {
          "name": "output"
        }
      ]
    },
    {
      "customType": "BABYLON.InputBlock",
      "id": 114666,
      "name": "blendFactor",
      "comments": "",
      "visibleInInspector": false,
      "visibleOnFrame": false,
      "target": 1,
      "inputs": [],
      "outputs": [
        {
          "name": "output"
        }
      ],
      "type": 1,
      "mode": 0,
      "animationType": 0,
      "min": 0,
      "max": 0,
      "isBoolean": false,
      "matrixMode": 0,
      "isConstant": false,
      "groupInInspector": "",
      "convertToGammaSpace": false,
      "convertToLinearSpace": false,
      "valueType": "number",
      "value": 0.5
    }
  ]
}